INSERT INTO public.migrations (id, migration, batch) VALUES (30, '2014_10_12_000000_create_users_table', 1);
INSERT INTO public.migrations (id, migration, batch) VALUES (31, '2014_10_12_100000_create_password_resets_table', 1);
INSERT INTO public.migrations (id, migration, batch) VALUES (32, '2018_10_05_073514_create_channels_table', 1);
INSERT INTO public.migrations (id, migration, batch) VALUES (33, '2018_10_05_073647_create_topics_table', 1);
INSERT INTO public.migrations (id, migration, batch) VALUES (34, '2018_10_05_073744_create_discussions_table', 1);
INSERT INTO public.migrations (id, migration, batch) VALUES (35, '2018_10_05_073922_create_replies_table', 1);
INSERT INTO public.migrations (id, migration, batch) VALUES (36, '2018_10_05_074112_create_discussion_photos_table', 1);
INSERT INTO public.migrations (id, migration, batch) VALUES (37, '2018_10_05_074230_create_user_roles_table', 1);
INSERT INTO public.migrations (id, migration, batch) VALUES (38, '2018_10_05_074435_create_discussion_bookmarks_table', 1);
INSERT INTO public.migrations (id, migration, batch) VALUES (39, '2018_10_05_074638_create_topic_bookmarks_table', 1);
INSERT INTO public.migrations (id, migration, batch) VALUES (40, '2018_10_05_074731_create_reply_upvotes_table', 1);
INSERT INTO public.migrations (id, migration, batch) VALUES (41, '2018_10_05_074807_create_reply_downvotes_table', 1);
INSERT INTO public.migrations (id, migration, batch) VALUES (42, '2018_10_05_074847_create_report_reasons_table', 1);
INSERT INTO public.migrations (id, migration, batch) VALUES (43, '2018_10_05_081706_create_discussion_reports_table', 1);
INSERT INTO public.migrations (id, migration, batch) VALUES (44, '2018_10_14_091458_create_reply_reports_table', 1);

INSERT INTO public.user_roles (id, name, created_at, updated_at) VALUES (1, 'ADMIN', '2018-10-14 09:21:54', '2018-10-14 09:21:54');
INSERT INTO public.user_roles (id, name, created_at, updated_at) VALUES (2, 'MODERATOR', '2018-10-14 09:21:54', '2018-10-14 09:21:54');
INSERT INTO public.user_roles (id, name, created_at, updated_at) VALUES (3, 'USER', '2018-10-14 09:21:54', '2018-10-14 09:21:54');

INSERT INTO public.users (id, name, email, email_verified_at, password, enabled, user_role_id, photo, remember_token, created_at, updated_at) VALUES (3, 'Trân Trân', 'trantran@demo.com', null, '$2y$10$D60cCZwoY7fpHfVdDMZyGeNmRSEtiJoc.zTtJj5o88kpvfRCoIlwi', true, 2, 'junchi-photo.jpg', '8dmZrdtFYEimA9lQJy9jM3Qn46wtqZ3TKKaykgimuQjiQf5j9k8CLKn0qOqD', '2018-10-14 09:21:54', '2018-10-31 14:53:46');
INSERT INTO public.users (id, name, email, email_verified_at, password, enabled, user_role_id, photo, remember_token, created_at, updated_at) VALUES (2, 'Hạ Âu', 'haau@demo.com', null, '$2y$10$wr8kuZvWvlAfDfeeS82KAOGyBwLH9elO5U4gO74ieCggaS2rsoMU2', true, 2, '728cd5e769b42b9ffee6ad0b186973fb-1540024052.jpg', 'nbux81YTHuNaCKLHCHpDMliCkyn2o0Q0ObnjGQ7fISpGX063hEsVWUGWs0CB', '2018-10-14 09:21:54', '2018-10-20 08:27:32');
INSERT INTO public.users (id, name, email, email_verified_at, password, enabled, user_role_id, photo, remember_token, created_at, updated_at) VALUES (1, 'Lue Quora', 'thanhtoan@demo.com', null, '$2y$10$NV773mGaGXrJXhJnzI40CeFba3ktBfl.C5yIJvLABcdHooGui2JN2', true, 1, 'inubashiri-momiji-japanese-1540024207.png', 'iurbayB0GwILGijeDtOKERzk2qVbfmc74WziaYk0lSuE10x8OEbloc8GC5b4', '2018-10-14 09:21:54', '2018-10-20 08:30:07');
INSERT INTO public.users (id, name, email, email_verified_at, password, enabled, user_role_id, photo, remember_token, created_at, updated_at) VALUES (5, 'Hiếu Thảo', 'hieuthao@demo.com', null, '$2y$10$dmnS45Jw01XxFbT2KEBQ1uxN.ueobwiUSCHmayUidBx2WRdk1Dwua', true, 3, '051f8d2f5825b27beb34.jpg', 'SKpscnkATH2t8bYWagII9RgeNmjoRxS7lTTacAxPO6H5v4Hvvk07kJuz2ml9', '2018-10-14 09:21:54', '2018-10-14 09:21:54');
INSERT INTO public.users (id, name, email, email_verified_at, password, enabled, user_role_id, photo, remember_token, created_at, updated_at) VALUES (6, 'T.O.S', 'tos@demo.com', null, '$2y$10$D6c2n/dTR5JWXtYyloer4uHwQ56SMjZHDX8V/nF4Voqf.BqSW06Eu', false, 3, 'hat-oc-cho-1540024275.jpg', 'GujXZ0RHEvbPWqhfBiegnMQGL0syefdihqzPFuOeR435uN3GJpS6xvdMQVAM', '2018-10-14 09:21:54', '2018-10-20 08:45:44');
INSERT INTO public.users (id, name, email, email_verified_at, password, enabled, user_role_id, photo, remember_token, created_at, updated_at) VALUES (4, 'Tạ Thị Chương', 'tachuong@demo.com', null, '$2y$10$hCLuGPgunt5pWwshHj9/quM6ASLosgYpM6AD0zRjce1lPb/ZxMmdq', true, 3, 'a0c7e8aa62bd88e3d1ac.jpg', 'ny5KuMjYD9uArbcNBWDs8dhf27DAf3W9rpO9PX2x6vOWIPKDdzA4Dxe346gd', '2018-10-14 09:21:54', '2018-10-14 09:21:54');
INSERT INTO public.users (id, name, email, email_verified_at, password, enabled, user_role_id, photo, remember_token, created_at, updated_at) VALUES (11, 'Giao US', 'giaous@demo.com', null, '$2y$10$HN1AyA0Pt02s34V3NOpkBOzT2s4L9jXdsVxUgKxGOomsxidyo4W4G', true, 3, 'giao-us-1540013559.jpg', '548rX10RCFhVev9fewiy0MjyVLWbJFBuFXdUAateI6ttSk3SjLRT4CmZstvd', '2018-10-18 01:25:15', '2018-10-20 05:32:39');

INSERT INTO public.channels (id, name, description, created_at, updated_at, slug) VALUES (1, 'HTML', 'Hypertext Markup Language is the standard markup language for creating web pages and web applications.', '2018-10-14 09:21:54', '2018-10-19 01:49:14', 'html');
INSERT INTO public.channels (id, name, description, created_at, updated_at, slug) VALUES (2, 'PHP', 'PHP Hypertext Preprocessor (PHP) is a programming language that allows web developers to create dynamic content that interacts with databases. PHP is basically used for developing web based software applications.', '2018-10-14 09:21:54', '2018-10-19 01:51:42', 'php');
INSERT INTO public.channels (id, name, description, created_at, updated_at, slug) VALUES (3, 'Java', 'Java is a general-purpose computer-programming language that is concurrent, class-based, object-oriented.', '2018-10-14 09:21:54', '2018-10-19 01:51:45', 'java');
INSERT INTO public.channels (id, name, description, created_at, updated_at, slug) VALUES (4, 'Node.js', 'Node.js is an open-source, cross-platform JavaScript run-time environment that executes JavaScript code outside of a browser.', '2018-10-14 09:21:54', '2018-10-19 01:51:48', 'nodejs');

INSERT INTO public.topics (id, name, channel_id, description, created_at, updated_at, slug) VALUES (1, 'HTML', 1, 'Hypertext Markup Language is the standard markup language for creating web pages and web applications.', '2018-10-14 09:21:54', '2018-10-19 01:44:41', 'html');
INSERT INTO public.topics (id, name, channel_id, description, created_at, updated_at, slug) VALUES (2, 'CSS', 1, 'Cascading Style Sheets is a style sheet language used for describing the presentation of a document written in a markup language like HTML.', '2018-10-14 09:21:54', '2018-10-19 01:44:59', 'css');
INSERT INTO public.topics (id, name, channel_id, description, created_at, updated_at, slug) VALUES (3, 'Bootstrap', 1, 'Bootstrap is a free and open-source front-end framework for designing websites and web applications.', '2018-10-14 09:21:54', '2018-10-19 01:45:02', 'bootstrap');
INSERT INTO public.topics (id, name, channel_id, description, created_at, updated_at, slug) VALUES (15, 'Node.js', 4, 'Node.js is an open-source, cross-platform JavaScript run-time environment that executes JavaScript code outside of a browser.', '2018-10-14 09:21:54', '2018-10-19 01:45:19', 'nodejs');
INSERT INTO public.topics (id, name, channel_id, description, created_at, updated_at, slug) VALUES (5, 'PHP', 2, 'The PHP Hypertext Preprocessor (PHP) is a programming language that allows web developers to create dynamic content that interacts with databases. PHP is basically used for developing web based software applications.', '2018-10-14 09:21:54', '2018-10-19 01:45:35', 'php');
INSERT INTO public.topics (id, name, channel_id, description, created_at, updated_at, slug) VALUES (6, 'Laravel', 2, 'Laravel is a free, open-source PHP web framework, intended for the development of web applications following the model–view–controller (MVC).', '2018-10-14 09:21:54', '2018-10-19 01:45:39', 'laravel');
INSERT INTO public.topics (id, name, channel_id, description, created_at, updated_at, slug) VALUES (7, 'Symfony', 2, 'Symfony is a PHP web application framework and a set of reusable PHP components/libraries.', '2018-10-14 09:21:54', '2018-10-19 01:45:42', 'symfony');
INSERT INTO public.topics (id, name, channel_id, description, created_at, updated_at, slug) VALUES (8, 'Phalcon', 2, 'Phalcon is a free, open-source PHP web framework, based on the model–view–controller (MVC) pattern.', '2018-10-14 09:21:54', '2018-10-19 01:45:45', 'phalcon');
INSERT INTO public.topics (id, name, channel_id, description, created_at, updated_at, slug) VALUES (9, 'Yii', 2, 'Yii is an open source, object-oriented, component-based MVC PHP web application framework.', '2018-10-14 09:21:54', '2018-10-19 01:45:51', 'yii');
INSERT INTO public.topics (id, name, channel_id, description, created_at, updated_at, slug) VALUES (10, 'CodeIgniter', 2, 'CodeIgniter is an open-source software rapid development web framework, for use in building dynamic web sites with PHP.', '2018-10-14 09:21:54', '2018-10-19 01:45:54', 'codeigniter');
INSERT INTO public.topics (id, name, channel_id, description, created_at, updated_at, slug) VALUES (11, 'Java', 3, 'Java is a general-purpose computer-programming language that is concurrent, class-based, object-oriented.', '2018-10-14 09:21:54', '2018-10-19 01:45:57', 'java');
INSERT INTO public.topics (id, name, channel_id, description, created_at, updated_at, slug) VALUES (12, 'JSF', 3, 'JavaServer Faces is a Java specification for building component-based user interfaces for web applications.', '2018-10-14 09:21:54', '2018-10-19 01:46:01', 'jsf');
INSERT INTO public.topics (id, name, channel_id, description, created_at, updated_at, slug) VALUES (13, 'Spring Boot', 3, 'Spring Boot is an open source Java-based framework used to create a Micro Service.', '2018-10-14 09:21:54', '2018-10-19 01:46:05', 'spring-boot');
INSERT INTO public.topics (id, name, channel_id, description, created_at, updated_at, slug) VALUES (14, 'Struts', 3, 'Struts 2 is an open-source web application framework for developing Java EE web applications.', '2018-10-14 09:21:54', '2018-10-19 01:46:09', 'struts');
INSERT INTO public.topics (id, name, channel_id, description, created_at, updated_at, slug) VALUES (16, 'Express.js', 4, 'Express.js is a web application framework for Node.js, designed for building web applications and APIs.', '2018-10-14 09:21:54', '2018-10-19 01:46:12', 'expressjs');
INSERT INTO public.topics (id, name, channel_id, description, created_at, updated_at, slug) VALUES (17, 'Koa', 4, 'Koa is a new web framework for Node.js, aims to be a smaller, more expressive, and more robust foundation.', '2018-10-14 09:21:54', '2018-10-19 01:46:16', 'koa');
INSERT INTO public.topics (id, name, channel_id, description, created_at, updated_at, slug) VALUES (21, 'jQuery', 1, 'jQuery is a cross-platform JavaScript library designed to simplify the client-side scripting of HTML.', '2018-10-18 02:41:35', '2018-10-19 01:46:19', 'jquery');
INSERT INTO public.topics (id, name, channel_id, description, created_at, updated_at, slug) VALUES (22, 'JavaScript', 1, 'JavaScript, often abbreviated as JS, is a high-level, interpreted programming language. It is a language which is also characterized as dynamic, weakly typed, prototype-based and multi-paradigm.', '2018-10-18 02:42:15', '2018-10-19 01:46:22', 'javascript');
INSERT INTO public.topics (id, name, channel_id, description, created_at, updated_at, slug) VALUES (23, 'Adonis.js', 4, 'AdonisJs is a Node.js web framework with breath of fresh air and drizzle of elegant syntax on top of it.', '2018-10-31 14:53:30', '2018-10-31 14:53:30', 'adonisjs');
INSERT INTO public.topics (id, name, channel_id, description, created_at, updated_at, slug) VALUES (4, 'Material', 1, 'Material-UI is a React components that implement Google Material Design.', '2018-10-14 09:21:54', '2018-10-19 01:45:05', 'material-ui');

INSERT INTO public.discussions (id, user_id, topic_id, title, slug, content, views, archived, created_at, updated_at) VALUES (9, 5, 3, 'Sử dụng Bootstrap 4 và Fontawesome 5', 'su-dung-bootstrap-4-va-fontawesome-5', '<p>Mauris vitae augue non diam pellentesque varius. Nam viverra elit luctus, ornare felis vitae, facilisis eros. Integer eleifend massa pretium interdum lobortis. Duis iaculis dolor ante, et convallis eros viverra non.</p><figure class="image"><img src="https://www.jetbrains.com/phpstorm/img/screenshots/phpstorm_debugging@2x.png"><figcaption>https://www.jetbrains.com/phpstorm/img/screenshots/phpstorm_debugging@2x.png</figcaption></figure>', 126, false, '2018-10-15 13:00:20', '2018-10-18 08:31:53');
INSERT INTO public.discussions (id, user_id, topic_id, title, slug, content, views, archived, created_at, updated_at) VALUES (16, 11, 21, 'Hướng dẫn sử dụng jQuery AJAX', 'huong-dan-su-dung-jquery-ajax', '<p><i>Duis rhoncus, arcu vitae tristique sollicitudin, enim felis aliquam tortor, eget consectetur augue lectus nec metus. Quisque leo dolor, pretium ac interdum porta, euismod nec metus. Sed sed scelerisque odio, nec condimentum justo.</i></p>', 6, false, '2018-10-18 02:50:49', '2018-10-18 08:30:28');
INSERT INTO public.discussions (id, user_id, topic_id, title, slug, content, views, archived, created_at, updated_at) VALUES (18, 11, 22, 'Tự học JavaScript trong 30 ngày', 'tu-hoc-javascript-trong-30-ngay', '<p>Donec porta orci tellus, non scelerisque metus pulvinar vel. In sed fermentum ante. Nunc at massa convallis, hendrerit leo malesuada, consectetur erat. Sed ultricies purus vitae ultrices mollis. Sed mollis fermentum dapibus. Sed sed mauris vitae ligula aliquet sagittis. Donec lectus ex, feugiat id arcu vel, sollicitudin ultricies sapien.</p>', 20, false, '2018-10-18 08:37:40', '2018-10-20 08:43:02');
INSERT INTO public.discussions (id, user_id, topic_id, title, slug, content, views, archived, created_at, updated_at) VALUES (6, 6, 1, 'Share key WebStorm phiên bản mới nhất', 'share-key-webstorm-phien-ban-moi-nhat', '<p>Quisque consequat urna eu nunc iaculis, et malesuada erat hendrerit. Proin neque erat, cursus nec eleifend a, porttitor quis massa. Phasellus non ante velit.</p><p><a href="https://www.jetbrains.com/webstorm/">https://www.jetbrains.com/webstorm</a></p><p><a href="https://www.jetbrains.com/phpstorm">https://www.jetbrains.com/phpstorm</a></p>', 98, false, '2018-10-15 02:40:50', '2018-10-17 13:45:24');
INSERT INTO public.discussions (id, user_id, topic_id, title, slug, content, views, archived, created_at, updated_at) VALUES (10, 5, 3, 'Sử dụng Grid của Bootstrap 4', 'su-dung-grid-cua-bootstrap-4', '<p>Aliquam erat volutpat. Nam eget rhoncus magna, ut molestie felis. Sed metus lectus, mattis et congue vitae, feugiat vel risus. Quisque faucibus varius est condimentum convallis. Vestibulum lectus orci, pellentesque id elementum et, egestas vitae lacus.</p><figure class="image"><img src="https://www.jetbrains.com/phpstorm/img/screenshots/phpstorm_debugging@2x.png"><figcaption>https://www.jetbrains.com/phpstorm/img/screenshots/phpstorm_debugging@2x.png</figcaption></figure>', 131, false, '2018-10-15 13:02:53', '2018-10-18 01:12:09');
INSERT INTO public.discussions (id, user_id, topic_id, title, slug, content, views, archived, created_at, updated_at) VALUES (1, 2, 2, 'Kinh nghiệm sử dụng Vanilla.js', 'kinh-nghiem-su-dung-vanilla-js', '<p>Nulla nibh turpis, condimentum id semper sed, bibendum quis massa. Duis at libero sit amet quam ultrices bibendum. Aliquam ante magna, rhoncus quis ultrices a, scelerisque vel lectus. Donec vitae cursus ligula. In molestie ornare eros, a vestibulum sem auctor quis.</p><ol><li>Curabitur convallis ligula eu libero faucibus lacinia.</li><li>Nam porttitor libero id libero fermentum sollicitudin.</li><li>Pellentesque suscipit tellus quis massa ornare, ut sodales purus pretium.</li></ol>', 40, true, '2018-10-14 09:21:54', '2018-11-24 08:54:08');
INSERT INTO public.discussions (id, user_id, topic_id, title, slug, content, views, archived, created_at, updated_at) VALUES (17, 11, 22, 'So sánh jQuery và ECMAScript 6', 'so-sanh-jquery-va-ecmascript-6', '<p>Ut nisi metus, suscipit nec lorem non, porta bibendum risus. Aenean id nibh ac nisi dictum pellentesque eu sit amet mauris. Sed posuere interdum sem, in imperdiet purus.</p>', 6, false, '2018-10-18 08:33:22', '2018-10-18 08:34:39');
INSERT INTO public.discussions (id, user_id, topic_id, title, slug, content, views, archived, created_at, updated_at) VALUES (20, 4, 22, 'Sử dụng QuerySelector của ES6', 'su-dung-queryselector-cua-es6', '<p>Ut accumsan eros sit amet ante convallis, sed pellentesque felis pretium. Vivamus tempor diam vitae orci luctus vehicula. Morbi mi lorem, gravida eu tincidunt varius, rhoncus at eros. Etiam imperdiet turpis eu lorem tempus, ac tempus lectus sollicitudin. Donec urna lorem, rhoncus eget felis sed, pellentesque finibus neque. Suspendisse pretium quam sed magna facilisis aliquam. Maecenas feugiat, justo id facilisis lacinia, dolor orci euismod lacus, vitae rhoncus mauris magna quis diam. In hac habitasse platea dictumst.</p>', 25, false, '2018-10-31 14:51:35', '2018-10-31 14:51:58');
INSERT INTO public.discussions (id, user_id, topic_id, title, slug, content, views, archived, created_at, updated_at) VALUES (15, 11, 21, 'Hướng dẫn sử dụng jQuery UI', 'huong-dan-su-dung-jquery-ui', '<p>Phasellus id molestie nisi. In accumsan, metus eget placerat vulputate, risus massa fringilla erat, ut fermentum tellus turpis a augue.</p>', 7, false, '2018-10-18 02:46:25', '2018-10-18 08:30:44');
INSERT INTO public.discussions (id, user_id, topic_id, title, slug, content, views, archived, created_at, updated_at) VALUES (7, 4, 4, 'Material-UI sử dụng như thế nào so với Bootstrap', 'material-ui-su-dung-nhu-the-nao-so-voi-bootstrap', '<p>Vivamus mauris eros, elementum sed rutrum non, vehicula eu sapien. Integer mattis magna quis enim varius sodales. Vivamus nec egestas libero, eget tristique purus. Curabitur porttitor at dolor quis gravida.</p><p><i>Vivamus imperdiet malesuada arcu et convallis. Morbi semper, magna quis vestibulum iaculis, orci felis consequat purus, non iaculis ante magna ut purus. Integer ultricies odio et porttitor vestibulum. Nullam diam nulla, pretium ut laoreet id, imperdiet faucibus mi.</i></p>', 76, false, '2018-10-15 07:48:48', '2018-10-18 08:35:02');
INSERT INTO public.discussions (id, user_id, topic_id, title, slug, content, views, archived, created_at, updated_at) VALUES (4, 3, 3, 'So sánh Bootstrap 3 và Bootstrap 4', 'so-sanh-css-bootstrap-3-va-bootstrap-4', 'Class aptent taciti sociosqu ad litora torquent per conubia nostra, per inceptos himenaeos. Vivamus vestibulum lorem nibh, at dignissim tortor lobortis sit amet.', 31, false, '2018-10-14 09:21:54', '2018-10-18 01:27:44');
INSERT INTO public.discussions (id, user_id, topic_id, title, slug, content, views, archived, created_at, updated_at) VALUES (3, 3, 3, 'Bootstrap 4 Grid sử dụng thế nào?', 'bootstrap-4-grid-su-dung-the-nao', 'Nulla nibh turpis, condimentum id semper sed, bibendum quis massa. Duis at libero sit amet quam ultrices bibendum. Aliquam ante magna, rhoncus quis ultrices a, scelerisque vel lectus. Donec vitae cursus ligula. In molestie ornare eros, a vestibulum sem auctor quis.', 90, false, '2018-10-14 09:21:54', '2018-10-31 14:49:22');
INSERT INTO public.discussions (id, user_id, topic_id, title, slug, content, views, archived, created_at, updated_at) VALUES (5, 6, 1, 'Xin code webpage bán hàng đa cấp', 'xin-code-webpage-ban-hang-da-cap', '<p>Sed ut tincidunt ligula, ac faucibus turpis. Fusce hendrerit egestas libero, et ornare arcu. Class aptent taciti sociosqu ad litora torquent per conubia nostra, per inceptos himenaeos. Sed tincidunt egestas dui, id placerat tortor pretium id. Sed congue nisi nunc, et semper nibh gravida eget.</p><p><strong>Pellentesque rutrum id nulla a mollis. Nam quis diam rhoncus, scelerisque magna in, gravida leo. Vivamus dictum scelerisque ligula vitae malesuada. Phasellus bibendum pharetra elit in tristique. Suspendisse rutrum quis arcu non consectetur.</strong></p>', 58, false, '2018-10-15 02:38:31', '2018-10-18 08:36:02');
INSERT INTO public.discussions (id, user_id, topic_id, title, slug, content, views, archived, created_at, updated_at) VALUES (2, 2, 2, 'Sử dụng CSS thiết kế Responsive', 'su-dung-css-thiet-ke-responsive', '<p>Class aptent taciti sociosqu ad litora torquent per conubia nostra, per inceptos himenaeos. Vivamus vestibulum lorem nibh, at dignissim tortor lobortis sit amet.</p><ul><li>Curabitur convallis ligula eu libero faucibus lacinia.</li><li>Nam porttitor libero id libero fermentum sollicitudin.</li><li>Pellentesque suscipit tellus quis massa ornare, ut sodales purus pretium.</li></ul>', 152, false, '2018-10-14 09:21:54', '2018-10-18 08:35:25');
INSERT INTO public.discussions (id, user_id, topic_id, title, slug, content, views, archived, created_at, updated_at) VALUES (22, 2, 4, 'Material Design for Bootstrap 4 Pro', 'material-design-for-bootstrap-4-pro', '<p><strong>3000+ Premium Components</strong></p><p>An impressive collection of ready to use, stunning Material Design components.</p><figure class="image"><img src="https://mdbootstrap.com/wp-content/uploads/2018/10/admin.jpg" alt="admin dashboard tutorial"><figcaption>https://mdbootstrap.com/wp-content/uploads/2018/10/admin.jpg</figcaption></figure><p><strong>Premium sections, plugins &amp; templates</strong></p><p>Save huge amounts of time on website/application creation using our predefined sections and templates.</p><p><strong>Premium tutorials</strong></p><p>Full access to the worl''s most popular tutorials for Bootstrap 4.</p><p><strong>Premium support</strong></p><p>With the Premium Support all your issues will be treated as a priority and our team will make their fullest efforts to help you with any questions related to MDB.</p>', 4, false, '2018-11-24 09:22:01', '2018-11-24 09:24:00');
INSERT INTO public.discussions (id, user_id, topic_id, title, slug, content, views, archived, created_at, updated_at) VALUES (21, 2, 4, 'Sử dụng MDB trong Bootstrap 4', 'su-dung-mdb-trong-bootstrap-4', '<p>Lorem ipsum dolor sit amet, consectetur adipiscing elit. Proin aliquet tellus in mauris elementum, ut vestibulum nisi tincidunt. Maecenas sit amet mauris et neque mollis aliquet et eget nunc. Morbi ut mi in enim maximus tincidunt quis vel massa. Nulla bibendum sollicitudin elit vel lobortis. Maecenas eu convallis nisl, quis auctor nisl. Maecenas elementum et felis sit amet tincidunt. Nullam id sollicitudin purus.</p>', 24, false, '2018-11-24 01:36:19', '2018-11-24 08:57:08');

INSERT INTO public.topic_bookmarks (id, user_id, topic_id, created_at, updated_at) VALUES (2, 3, 3, '2018-10-19 02:22:40', '2018-10-19 02:22:40');
INSERT INTO public.topic_bookmarks (id, user_id, topic_id, created_at, updated_at) VALUES (3, 3, 2, '2018-10-19 03:34:32', '2018-10-19 03:34:32');
INSERT INTO public.topic_bookmarks (id, user_id, topic_id, created_at, updated_at) VALUES (4, 4, 1, '2018-10-20 01:20:02', '2018-10-20 01:20:02');
INSERT INTO public.topic_bookmarks (id, user_id, topic_id, created_at, updated_at) VALUES (5, 4, 3, '2018-10-20 01:20:07', '2018-10-20 01:20:07');
INSERT INTO public.topic_bookmarks (id, user_id, topic_id, created_at, updated_at) VALUES (6, 2, 2, '2018-10-20 02:33:08', '2018-10-20 02:33:08');
INSERT INTO public.topic_bookmarks (id, user_id, topic_id, created_at, updated_at) VALUES (7, 2, 3, '2018-10-20 02:33:14', '2018-10-20 02:33:14');
INSERT INTO public.topic_bookmarks (id, user_id, topic_id, created_at, updated_at) VALUES (9, 2, 22, '2018-11-24 08:52:41', '2018-11-24 08:52:41');

INSERT INTO public.discussion_bookmarks (id, user_id, discussion_id, created_at, updated_at) VALUES (3, 4, 9, '2018-10-17 13:15:27', '2018-10-17 13:15:27');
INSERT INTO public.discussion_bookmarks (id, user_id, discussion_id, created_at, updated_at) VALUES (4, 2, 9, '2018-10-17 13:20:29', '2018-10-17 13:20:29');
INSERT INTO public.discussion_bookmarks (id, user_id, discussion_id, created_at, updated_at) VALUES (5, 4, 15, '2018-10-18 02:46:55', '2018-10-18 02:46:55');
INSERT INTO public.discussion_bookmarks (id, user_id, discussion_id, created_at, updated_at) VALUES (6, 4, 16, '2018-10-18 02:51:23', '2018-10-18 02:51:23');
INSERT INTO public.discussion_bookmarks (id, user_id, discussion_id, created_at, updated_at) VALUES (7, 2, 4, '2018-10-18 03:20:29', '2018-10-18 03:20:29');
INSERT INTO public.discussion_bookmarks (id, user_id, discussion_id, created_at, updated_at) VALUES (8, 4, 3, '2018-10-18 07:55:54', '2018-10-18 07:55:54');
INSERT INTO public.discussion_bookmarks (id, user_id, discussion_id, created_at, updated_at) VALUES (9, 11, 4, '2018-10-18 08:39:11', '2018-10-18 08:39:11');
INSERT INTO public.discussion_bookmarks (id, user_id, discussion_id, created_at, updated_at) VALUES (10, 3, 1, '2018-10-19 02:31:27', '2018-10-19 02:31:27');
INSERT INTO public.discussion_bookmarks (id, user_id, discussion_id, created_at, updated_at) VALUES (11, 1, 5, '2018-10-20 02:21:40', '2018-10-20 02:21:40');
INSERT INTO public.discussion_bookmarks (id, user_id, discussion_id, created_at, updated_at) VALUES (12, 6, 7, '2018-10-20 08:31:40', '2018-10-20 08:31:40');
INSERT INTO public.discussion_bookmarks (id, user_id, discussion_id, created_at, updated_at) VALUES (13, 1, 2, '2018-10-20 08:45:18', '2018-10-20 08:45:18');

INSERT INTO public.report_reasons (id, name, created_at, updated_at) VALUES (1, 'Nội dung không phù hợp', '2018-10-14 09:21:54', '2018-10-14 09:21:54');
INSERT INTO public.report_reasons (id, name, created_at, updated_at) VALUES (2, 'Ngôn ngữ đả kích', '2018-10-14 09:21:54', '2018-10-14 09:21:54');
INSERT INTO public.report_reasons (id, name, created_at, updated_at) VALUES (3, 'Phân biệt chủng tộc', '2018-10-14 09:21:54', '2018-10-14 09:21:54');
INSERT INTO public.report_reasons (id, name, created_at, updated_at) VALUES (4, 'Vi phạm bản quyền', '2018-10-14 09:21:54', '2018-10-14 09:21:54');

INSERT INTO public.discussion_reports (id, user_id, discussion_id, content, report_reason_id, created_at, updated_at) VALUES (4, 2, 6, 'Phasellus in condimentum magna. Nullam est augue, ultricies in blandit a, sagittis in magna. Sed tempor condimentum quam, ut pellentesque libero rhoncus in.', 4, '2018-10-15 03:05:00', '2018-10-15 03:05:00');
INSERT INTO public.discussion_reports (id, user_id, discussion_id, content, report_reason_id, created_at, updated_at) VALUES (6, 3, 5, 'Duis et arcu mi. Aliquam erat volutpat. Phasellus eget mattis metus, vel blandit massa.', 1, '2018-10-15 03:10:20', '2018-10-15 03:10:20');
INSERT INTO public.discussion_reports (id, user_id, discussion_id, content, report_reason_id, created_at, updated_at) VALUES (3, 3, 6, 'Quisque consequat urna eu nunc iaculis, et malesuada erat hendrerit. Proin neque erat, cursus nec eleifend a, porttitor quis massa. Phasellus non ante velit.', 4, '2018-10-15 02:45:31', '2018-10-15 07:45:55');
INSERT INTO public.discussion_reports (id, user_id, discussion_id, content, report_reason_id, created_at, updated_at) VALUES (8, 4, 9, 'In sed fermentum ante. Nunc at massa convallis, hendrerit leo malesuada, consectetur erat. Sed ultricies purus vitae ultrices mollis. Sed mollis fermentum dapibus. Sed sed mauris vitae ligula aliquet sagittis. Donec lectus ex, feugiat id arcu vel, sollicitudin ultricies sapien.', 1, '2018-10-18 08:05:08', '2018-10-18 08:05:08');
INSERT INTO public.discussion_reports (id, user_id, discussion_id, content, report_reason_id, created_at, updated_at) VALUES (5, 2, 5, 'Neque porro quisquam est qui dolorem ipsum quia dolor sit amet, consectetur, adipisci velit...', 1, '2018-10-15 03:07:37', '2018-11-07 07:21:24');

INSERT INTO public.replies (id, user_id, discussion_id, content, created_at, updated_at) VALUES (1, 3, 1, 'Nulla eget nibh hendrerit, lacinia ex vitae, dignissim quam. Donec finibus nisl auctor euismod ultricies. Phasellus mollis placerat lacus in tristique. Nunc eu justo lorem. Vivamus risus augue, egestas bibendum blandit sit amet, laoreet iaculis tortor. Proin ut orci aliquet lacus pharetra dignissim.', '2018-10-14 09:21:54', '2018-10-14 09:21:54');
INSERT INTO public.replies (id, user_id, discussion_id, content, created_at, updated_at) VALUES (4, 3, 1, 'Quisque fermentum suscipit eros porttitor dictum. Nullam bibendum commodo neque, ut gravida libero euismod eu. Interdum et malesuada fames ac ante ipsum primis in faucibus. Vestibulum a tempus ex. Fusce ut eros ullamcorper, feugiat purus at, tempus neque.', '2018-10-14 09:21:54', '2018-10-14 09:21:54');
INSERT INTO public.replies (id, user_id, discussion_id, content, created_at, updated_at) VALUES (5, 4, 2, 'Nulla eget nibh hendrerit, lacinia ex vitae, dignissim quam. Donec finibus nisl auctor euismod ultricies. Phasellus mollis placerat lacus in tristique. Nunc eu justo lorem. Vivamus risus augue, egestas bibendum blandit sit amet, laoreet iaculis tortor. Proin ut orci aliquet lacus pharetra dignissim.', '2018-10-14 09:21:54', '2018-10-14 09:21:54');
INSERT INTO public.replies (id, user_id, discussion_id, content, created_at, updated_at) VALUES (8, 6, 6, 'Quisque consequat urna eu nunc iaculis, et malesuada erat hendrerit. Proin neque erat, cursus nec eleifend a, porttitor quis massa. Phasellus non ante velit.', '2018-10-15 06:50:58', '2018-10-15 06:50:58');
INSERT INTO public.replies (id, user_id, discussion_id, content, created_at, updated_at) VALUES (9, 6, 6, 'Integer mattis magna quis enim varius sodales. Vivamus nec egestas libero, eget tristique purus. Curabitur porttitor at dolor quis gravida.', '2018-10-15 06:51:14', '2018-10-15 06:51:14');
INSERT INTO public.replies (id, user_id, discussion_id, content, created_at, updated_at) VALUES (10, 4, 3, 'Nam augue orci, euismod sagittis diam non, viverra dapibus metus. Duis et arcu mi. Aliquam erat volutpat. Phasellus eget mattis metus, vel blandit massa.', '2018-10-15 07:47:30', '2018-10-15 07:47:30');
INSERT INTO public.replies (id, user_id, discussion_id, content, created_at, updated_at) VALUES (11, 6, 7, 'Quisque consequat urna eu nunc iaculis, et malesuada erat hendrerit. Proin neque erat, cursus nec eleifend a, porttitor quis massa. Phasellus non ante velit.', '2018-10-15 07:51:30', '2018-10-15 07:51:30');
INSERT INTO public.replies (id, user_id, discussion_id, content, created_at, updated_at) VALUES (13, 3, 2, 'Sed ut tincidunt ligula, ac faucibus turpis. Fusce hendrerit egestas libero, et ornare arcu. Class aptent taciti sociosqu ad litora torquent per conubia nostra, per inceptos himenaeos.', '2018-10-15 07:54:12', '2018-10-15 07:54:12');
INSERT INTO public.replies (id, user_id, discussion_id, content, created_at, updated_at) VALUES (14, 6, 2, 'Donec ut sollicitudin felis. Nam augue orci, euismod sagittis diam non, viverra dapibus metus. Duis et arcu mi. Aliquam erat volutpat. Phasellus eget mattis metus, vel blandit massa.', '2018-10-15 07:55:21', '2018-10-15 07:55:21');
INSERT INTO public.replies (id, user_id, discussion_id, content, created_at, updated_at) VALUES (21, 5, 2, 'Vivamus semper non metus egestas consectetur. Nullam nunc purus, blandit consectetur purus in, aliquet porttitor nulla. Maecenas vulputate nisi turpis, eget convallis lacus semper non. Mauris semper ligula sit amet ante commodo ornare.', '2018-10-15 07:58:52', '2018-10-15 07:58:52');
INSERT INTO public.replies (id, user_id, discussion_id, content, created_at, updated_at) VALUES (23, 5, 1, 'Etiam malesuada a justo sit amet ullamcorper. Fusce convallis ac lacus vitae porttitor. Aliquam eu orci laoreet tortor mattis pellentesque vitae nec dui. Donec semper dapibus nisi id vestibulum. Mauris vitae augue non diam pellentesque varius. Nam viverra elit luctus, ornare felis vitae, facilisis eros. Integer eleifend massa pretium interdum lobortis. Duis iaculis dolor ante, et convallis eros viverra non.', '2018-10-15 08:00:28', '2018-10-15 08:00:28');
INSERT INTO public.replies (id, user_id, discussion_id, content, created_at, updated_at) VALUES (22, 6, 2, 'Etiam malesuada a justo sit amet ullamcorper. Fusce convallis ac lacus vitae porttitor. Aliquam eu orci laoreet tortor mattis pellentesque vitae nec dui. Donec semper dapibus nisi id vestibulum. Mauris vitae augue non diam pellentesque varius. Nam viverra elit luctus, ornare felis vitae, facilisis eros. Integer eleifend massa pretium interdum lobortis. Duis iaculis dolor ante, et convallis eros viverra non.', '2018-10-15 07:59:19', '2018-10-15 07:59:19');
INSERT INTO public.replies (id, user_id, discussion_id, content, created_at, updated_at) VALUES (24, 2, 2, 'Donec lacus felis, accumsan vel finibus et, ullamcorper non tortor. Vivamus at dolor sed arcu pellentesque consectetur id id tellus. Sed id lacus sed metus dignissim ultrices. Nulla pellentesque nisi ac lorem scelerisque, ac suscipit diam tincidunt. Donec molestie leo eu arcu mollis vulputate.', '2018-10-16 04:06:41', '2018-10-16 04:06:41');
INSERT INTO public.replies (id, user_id, discussion_id, content, created_at, updated_at) VALUES (25, 2, 9, 'Praesent vel ipsum at nisi efficitur tincidunt sit amet nec nisi. Morbi vulputate, ante non fringilla semper, sapien eros congue purus, nec sollicitudin tortor mi in turpis. Donec venenatis in turpis sit amet sagittis. Donec ipsum arcu, congue ut porttitor ut, iaculis a nulla. Orci varius natoque penatibus et magnis dis parturient montes, nascetur ridiculus mus. Maecenas varius lacinia vehicula. Quisque dui tortor, convallis quis condimentum et, fringilla ut nisl. Vestibulum nunc turpis, dapibus vel nisi vel, porttitor rhoncus lectus.', '2018-10-17 13:13:34', '2018-10-17 13:13:34');
INSERT INTO public.replies (id, user_id, discussion_id, content, created_at, updated_at) VALUES (26, 2, 3, '<figure class="image"><img src="https://getbootstrap.com/docs/4.1/assets/img/bootstrap-themes.png" alt="Bootstrap Themes"><figcaption>https://getbootstrap.com/docs/4.1/assets/img/bootstrap-themes.png</figcaption></figure>', '2018-10-17 13:54:31', '2018-10-17 13:54:31');
INSERT INTO public.replies (id, user_id, discussion_id, content, created_at, updated_at) VALUES (28, 2, 9, '<figure class="image"><img src="https://fontawesome.com/images/docs/desktop-install-otfs.png" alt="Font Awesome 5 Free installed and being activated in Font Explorer X on Mac OS X"><figcaption>https://fontawesome.com/images/docs/desktop-install-otfs.png</figcaption></figure>', '2018-10-17 14:01:49', '2018-10-17 14:01:49');
INSERT INTO public.replies (id, user_id, discussion_id, content, created_at, updated_at) VALUES (17, 3, 2, '<p>Cras eget ante id orci volutpat efficitur. Mauris eu nisi eleifend, aliquet nibh vel, malesuada dolor. Quisque consequat urna eu nunc iaculis, et malesuada erat hendrerit. Proin neque erat, cursus nec eleifend a, porttitor quis massa. Phasellus non ante velit.</p><figure class="image"><img src="https://developers.google.com/web/fundamentals/design-and-ux/responsive/imgs/weather-1.png"><figcaption>https://developers.google.com/web/fundamentals/design-and-ux/responsive/imgs/weather-1.png</figcaption></figure>', '2018-10-15 07:56:19', '2018-10-18 01:59:58');
INSERT INTO public.replies (id, user_id, discussion_id, content, created_at, updated_at) VALUES (12, 3, 2, '<p>Fusce rhoncus tortor et risus lobortis sagittis. In hac habitasse platea dictumst. Donec ut sollicitudin felis. Nam augue orci, euismod sagittis diam non, viverra dapibus metus. Duis et arcu mi. Aliquam erat volutpat. Phasellus eget mattis metus, vel blandit massa.</p><figure class="image"><img src="https://developers.google.com/web/fundamentals/design-and-ux/responsive/imgs/weather-3.png" alt="Preview of the weather forecast designed for a wider screen."><figcaption>https://developers.google.com/web/fundamentals/design-and-ux/responsive/imgs/weather-3.png</figcaption></figure>', '2018-10-15 07:54:02', '2018-10-18 02:02:41');
INSERT INTO public.replies (id, user_id, discussion_id, content, created_at, updated_at) VALUES (46, 11, 7, '<p>In orci enim, rhoncus at massa ut, interdum lobortis nisl. Praesent vel lorem sit amet turpis ornare commodo at ut justo. In hac habitasse platea dictumst.</p>', '2018-10-18 08:35:02', '2018-10-18 08:35:02');
INSERT INTO public.replies (id, user_id, discussion_id, content, created_at, updated_at) VALUES (47, 11, 2, '<p>In accumsan, metus eget placerat vulputate, risus massa fringilla erat, ut fermentum tellus turpis a augue.</p>', '2018-10-18 08:35:25', '2018-10-18 08:35:25');
INSERT INTO public.replies (id, user_id, discussion_id, content, created_at, updated_at) VALUES (48, 11, 1, '<p>In orci enim, rhoncus at massa ut, interdum lobortis nisl. Praesent vel lorem sit amet turpis ornare commodo at ut justo. In hac habitasse platea dictumst.</p>', '2018-10-18 08:35:45', '2018-10-18 08:35:45');
INSERT INTO public.replies (id, user_id, discussion_id, content, created_at, updated_at) VALUES (6, 4, 2, '<ul><li>Quisque fermentum suscipit eros porttitor dictum.</li><li>Nullam bibendum commodo neque, ut gravida libero euismod eu.</li><li>Interdum et malesuada fames ac ante ipsum primis in faucibus.</li><li>Vestibulum a tempus ex.</li><li>Fusce ut eros ullamcorper, feugiat purus at, tempus neque.</li></ul>', '2018-10-14 09:21:54', '2018-10-20 02:58:44');
INSERT INTO public.replies (id, user_id, discussion_id, content, created_at, updated_at) VALUES (29, 2, 4, '<figure class="image"><img src="https://getbootstrap.com/docs/3.3/assets/img/components.png"><figcaption>https://getbootstrap.com/docs/3.3/assets/img/components.png</figcaption></figure><p>Nullam vitae lectus sem. Aliquam imperdiet et arcu non convallis. Ut neque libero, dapibus vitae congue in, efficitur vel ligula. Aenean laoreet tortor sit amet aliquet faucibus. Integer vel dui ultrices, placerat ligula nec, iaculis lectus. Donec et tellus sit amet lorem tincidunt sollicitudin. Ut vel ligula in ante interdum euismod. Cras commodo vestibulum ante id aliquet. Quisque posuere at augue eget aliquet. Mauris urna arcu, sagittis id congue ut, finibus ut ante. Duis mattis posuere pharetra. Integer ultrices turpis a mauris euismod, vulputate sagittis tortor mattis. Duis sit amet arcu nec purus efficitur sodales vel in nisl.</p>', '2018-10-17 14:04:20', '2018-10-17 14:04:20');
INSERT INTO public.replies (id, user_id, discussion_id, content, created_at, updated_at) VALUES (31, 2, 2, '<figure class="image"><img src="https://upload.wikimedia.org/wikipedia/commons/thumb/8/85/Mobile_sketch_template.pdf/page1-800px-Mobile_sketch_template.pdf.jpg" alt="File:Mobile sketch template.pdf"><figcaption>https://upload.wikimedia.org/wikipedia/commons/thumb/8/85/Mobile_sketch_template.pdf/page1-1200px-Mobile_sketch_template.pdf.jpg</figcaption></figure><p>Nullam quis lobortis tortor, vel tincidunt diam. Ut fermentum eget ex nec fringilla. Vivamus efficitur luctus tortor, in bibendum ipsum pretium in. Quisque scelerisque sem mi, auctor aliquam nisl gravida eget. Aenean auctor nulla eros, id porta augue tempor vel. Sed vitae erat eros. Maecenas quam mi, lacinia quis consectetur eu, semper quis ipsum. Cras non justo accumsan, scelerisque justo ac, facilisis risus. Donec ut gravida augue. In porttitor enim a enim scelerisque porta. Quisque in velit sit amet ex sollicitudin ultrices.</p>', '2018-10-17 14:09:58', '2018-10-17 14:09:58');
INSERT INTO public.replies (id, user_id, discussion_id, content, created_at, updated_at) VALUES (32, 3, 2, '<ul><li>Nullam vitae lectus sem. Aliquam imperdiet et arcu non convallis. Ut neque libero, dapibus vitae congue in, efficitur vel ligula.</li><li>Aenean laoreet tortor sit amet aliquet faucibus. Integer vel dui ultrices, placerat ligula nec, iaculis lectus.</li><li>Donec et tellus sit amet lorem tincidunt sollicitudin. Ut vel ligula in ante interdum euismod. Cras commodo vestibulum ante id aliquet.</li><li>Quisque posuere at augue eget aliquet. Mauris urna arcu, sagittis id congue ut, finibus ut ante.</li><li>Duis mattis posuere pharetra. Integer ultrices turpis a mauris euismod, vulputate sagittis tortor mattis.</li><li>Duis sit amet arcu nec purus efficitur sodales vel in nisl.</li></ul>', '2018-10-17 14:11:13', '2018-10-17 14:11:13');
INSERT INTO public.replies (id, user_id, discussion_id, content, created_at, updated_at) VALUES (33, 3, 2, '<p><i>Quisque commodo malesuada fermentum. Duis elementum quis purus ornare pellentesque. Duis sed volutpat metus. Sed aliquam dictum justo. Morbi tempus nulla eget massa suscipit mollis. In et scelerisque ipsum. Morbi vehicula facilisis lectus, nec scelerisque purus mattis vitae. Integer in imperdiet nibh. Phasellus eget iaculis metus, a tincidunt eros. Nam porta justo metus, quis consectetur eros rutrum commodo. Nunc aliquam urna ultricies magna ullamcorper, at semper tortor malesuada. Maecenas eu erat vitae arcu dignissim sodales vel ut elit.</i></p>', '2018-10-17 14:11:40', '2018-10-17 14:11:40');
INSERT INTO public.replies (id, user_id, discussion_id, content, created_at, updated_at) VALUES (34, 2, 10, '<p><i>Donec porta orci tellus, non scelerisque metus pulvinar vel. In sed fermentum ante. Nunc at massa convallis, hendrerit leo malesuada, consectetur erat. Sed ultricies purus vitae ultrices mollis. Sed mollis fermentum dapibus. Sed sed mauris vitae ligula aliquet sagittis. Donec lectus ex, feugiat id arcu vel, sollicitudin ultricies sapien.</i></p>', '2018-10-18 01:12:09', '2018-10-18 01:12:09');
INSERT INTO public.replies (id, user_id, discussion_id, content, created_at, updated_at) VALUES (35, 2, 7, '<p><i>Neque porro quisquam est qui dolorem ipsum quia dolor sit amet, consectetur, adipisci velit...</i></p><figure class="image"><img src="https://material-ui.com/static/images/themes.jpg" alt="themes"><figcaption>https://material-ui.com/static/images/themes.jpg</figcaption></figure>', '2018-10-18 01:15:53', '2018-10-18 01:15:53');
INSERT INTO public.replies (id, user_id, discussion_id, content, created_at, updated_at) VALUES (36, 11, 4, '<figure class="image"><img src="http://www.glyphicons.com/img/example-img-1.png"><figcaption>http://www.glyphicons.com/img/example-img-1.png</figcaption></figure><p>Donec porta orci tellus, non scelerisque metus pulvinar vel. In sed fermentum ante. Nunc at massa convallis, hendrerit leo malesuada, consectetur erat. Sed ultricies purus vitae ultrices mollis. Sed mollis fermentum dapibus. Sed sed mauris vitae ligula aliquet sagittis. Donec lectus ex, feugiat id arcu vel, sollicitudin ultricies sapien.</p><figure class="image"><img src="http://www.glyphicons.com/img/example-img-2.png"><figcaption>http://www.glyphicons.com/img/example-img-2.png</figcaption></figure><p>In orci enim, rhoncus at massa ut, interdum lobortis nisl. Praesent vel lorem sit amet turpis ornare commodo at ut justo. In hac habitasse platea dictumst. Quisque vel lectus lorem. Sed fringilla, nisl et lobortis tempor, arcu mi consectetur dui, vel condimentum dolor nunc et tortor. Phasellus id molestie nisi. In accumsan, metus eget placerat vulputate, risus massa fringilla erat, ut fermentum tellus turpis a augue.</p>', '2018-10-18 01:27:44', '2018-10-18 01:27:44');
INSERT INTO public.replies (id, user_id, discussion_id, content, created_at, updated_at) VALUES (37, 4, 15, '<p>Donec porta orci tellus, non scelerisque metus pulvinar vel. In sed fermentum ante. Nunc at massa convallis, hendrerit leo malesuada, consectetur erat. Sed ultricies purus vitae ultrices mollis.</p><ul><li>Sed mollis fermentum dapibus.</li><li>Sed sed mauris vitae ligula aliquet sagittis.</li><li>Donec lectus ex, feugiat id arcu vel, sollicitudin ultricies sapien.</li></ul>', '2018-10-18 02:48:12', '2018-10-18 02:48:12');
INSERT INTO public.replies (id, user_id, discussion_id, content, created_at, updated_at) VALUES (38, 4, 15, '<figure class="image"><img src="https://learn.jquery.com/resources/jquery-ui/themeroller.png" alt="Image result for jquery ui"><figcaption>https://learn.jquery.com/resources/jquery-ui/themeroller.png</figcaption></figure>', '2018-10-18 02:48:53', '2018-10-18 02:48:53');
INSERT INTO public.replies (id, user_id, discussion_id, content, created_at, updated_at) VALUES (39, 4, 16, '<p>In orci enim, rhoncus at massa ut, interdum lobortis nisl. Praesent vel lorem sit amet turpis ornare commodo at ut justo. In hac habitasse platea dictumst. Quisque vel lectus lorem. Sed fringilla, nisl et lobortis tempor, arcu mi consectetur dui, vel condimentum dolor nunc et tortor. Phasellus id molestie nisi. In accumsan, metus eget placerat vulputate, risus massa fringilla erat, ut fermentum tellus turpis a augue.</p>', '2018-10-18 02:51:40', '2018-10-18 02:51:40');
INSERT INTO public.replies (id, user_id, discussion_id, content, created_at, updated_at) VALUES (40, 11, 16, '<p><i>Phasellus id molestie nisi. In accumsan, metus eget placerat vulputate, risus massa fringilla erat, ut fermentum tellus turpis a augue.</i></p>', '2018-10-18 08:30:28', '2018-10-18 08:30:28');
INSERT INTO public.replies (id, user_id, discussion_id, content, created_at, updated_at) VALUES (41, 11, 15, '<p><strong>Phasellus id molestie nisi. In accumsan, metus eget placerat vulputate, risus massa fringilla erat, ut fermentum tellus turpis a augue.</strong></p>', '2018-10-18 08:30:44', '2018-10-18 08:30:44');
INSERT INTO public.replies (id, user_id, discussion_id, content, created_at, updated_at) VALUES (42, 11, 3, '<p>Phasellus id molestie nisi. In accumsan, metus eget placerat vulputate, risus massa fringilla erat, ut fermentum tellus turpis a augue.</p>', '2018-10-18 08:31:18', '2018-10-18 08:31:18');
INSERT INTO public.replies (id, user_id, discussion_id, content, created_at, updated_at) VALUES (43, 11, 9, '<ol><li>Phasellus id molestie nisi.</li><li>In accumsan, metus eget placerat vulputate,</li><li>Risus massa fringilla erat,</li><li>Ut fermentum tellus turpis a augue.</li></ol>', '2018-10-18 08:31:53', '2018-10-18 08:31:53');
INSERT INTO public.replies (id, user_id, discussion_id, content, created_at, updated_at) VALUES (44, 11, 17, '<figure class="image"><img src="https://cdn-images-1.medium.com/max/1200/1*kOuvkQUrByiaqZYTZFJz4g.png" alt="Image result for Es6"><figcaption>https://cdn-images-1.medium.com/max/1200/1*kOuvkQUrByiaqZYTZFJz4g.png</figcaption></figure>', '2018-10-18 08:34:26', '2018-10-18 08:34:26');
INSERT INTO public.replies (id, user_id, discussion_id, content, created_at, updated_at) VALUES (45, 11, 17, '<p>In orci enim, rhoncus at massa ut, interdum lobortis nisl. Praesent vel lorem sit amet turpis ornare commodo at ut justo. In hac habitasse platea dictumst. Quisque vel lectus lorem. Sed fringilla, nisl et lobortis tempor, arcu mi consectetur dui, vel condimentum dolor nunc et tortor. Phasellus id molestie nisi. In accumsan, metus eget placerat vulputate, risus massa fringilla erat, ut fermentum tellus turpis a augue.</p>', '2018-10-18 08:34:39', '2018-10-18 08:34:39');
INSERT INTO public.replies (id, user_id, discussion_id, content, created_at, updated_at) VALUES (49, 11, 5, '<p>In orci enim, rhoncus at massa ut, interdum lobortis nisl. Praesent vel lorem sit amet turpis ornare commodo at ut justo. In hac habitasse platea dictumst. Quisque vel lectus lorem. Sed fringilla, nisl et lobortis tempor, arcu mi consectetur dui, vel condimentum dolor nunc et tortor. Phasellus id molestie nisi. In accumsan, metus eget placerat vulputate, risus massa fringilla erat, ut fermentum tellus turpis a augue.</p>', '2018-10-18 08:36:02', '2018-10-18 08:36:02');
INSERT INTO public.replies (id, user_id, discussion_id, content, created_at, updated_at) VALUES (51, 11, 18, '<p>Praesent vel lorem sit amet turpis ornare commodo at ut justo. In hac habitasse platea dictumst. Quisque vel lectus lorem. Sed fringilla, nisl et lobortis tempor, arcu mi consectetur dui, vel condimentum dolor nunc et tortor. Phasellus id molestie nisi. In accumsan, metus eget placerat vulputate, risus massa fringilla erat, ut fermentum tellus turpis a augue.</p>', '2018-10-18 08:38:59', '2018-10-18 08:38:59');
INSERT INTO public.replies (id, user_id, discussion_id, content, created_at, updated_at) VALUES (52, 3, 18, '<p>Lorem ipsum dolor sit amet, consectetur adipiscing elit. Morbi id ornare leo, congue dignissim est. Ut ut ipsum scelerisque, aliquet ipsum placerat, fringilla orci. Phasellus ullamcorper efficitur quam non ornare. Sed at neque felis. Donec aliquet orci eget bibendum porta. Etiam gravida aliquet ultricies.</p>', '2018-10-19 02:21:01', '2018-10-19 02:21:01');
INSERT INTO public.replies (id, user_id, discussion_id, content, created_at, updated_at) VALUES (3, 3, 1, '<p>Nulla eget nibh hendrerit, lacinia ex vitae, dignissim quam. Donec finibus nisl auctor euismod ultricies. Phasellus mollis placerat lacus in tristique. Nunc eu justo lorem. Vivamus risus augue, egestas bibendum blandit sit amet, laoreet iaculis tortor. Proin ut orci aliquet lacus pharetra dignissim.</p><figure class="image"><img src="https://mdn.mozillademos.org/files/9461/css-declaration-small.png" alt="Image result for css"><figcaption>https://mdn.mozillademos.org/files/9461/css-declaration-small.png</figcaption></figure>', '2018-10-14 09:21:54', '2018-10-19 02:33:21');
INSERT INTO public.replies (id, user_id, discussion_id, content, created_at, updated_at) VALUES (53, 2, 18, '<figure class="image"><img src="https://s3.amazonaws.com/js30-cdn/small0.jpg" alt="JavaScript Drum Kit"><figcaption>https://s3.amazonaws.com/js30-cdn/small0.jpg</figcaption></figure><p>Aenean dictum scelerisque arcu, id porta mauris consectetur ut. Nulla rutrum, mi id venenatis convallis, turpis urna semper purus, vel viverra purus ipsum a magna. Maecenas sodales faucibus odio, et tempor lacus dignissim quis. Nulla eu dui metus. Donec dignissim fringilla maximus.</p>', '2018-10-20 08:43:02', '2018-10-20 08:43:02');
INSERT INTO public.replies (id, user_id, discussion_id, content, created_at, updated_at) VALUES (54, 4, 3, '<p><i>Lorem ipsum dolor sit amet, consectetur adipiscing elit. Donec vitae velit scelerisque, placerat lacus ac, efficitur lorem. Duis blandit quam in pharetra tincidunt. Curabitur sit amet cursus turpis. Maecenas suscipit felis nec est sodales ultrices. Aliquam tincidunt, ipsum ac placerat porta, metus orci sodales sem, eget finibus mauris nisi a felis. Donec vulputate turpis tortor, eget gravida lacus sagittis nec. Donec pretium a massa sed gravida.</i></p>', '2018-10-31 14:49:21', '2018-10-31 14:49:21');
INSERT INTO public.replies (id, user_id, discussion_id, content, created_at, updated_at) VALUES (55, 4, 20, '<ol><li>Pellentesque gravida, dui sit amet convallis placerat, enim ex volutpat ex, eget sodales dui massa eget felis.</li><li>Pellentesque egestas at neque et placerat. Aenean faucibus magna ac arcu sagittis sollicitudin.</li><li>Aenean ipsum nulla, tristique et vulputate nec, tincidunt quis eros. Aenean dapibus id nulla nec blandit.</li><li>Sed suscipit porttitor vulputate. Suspendisse potenti. Integer vel lobortis nibh.</li><li>Maecenas ac ex vel metus consectetur auctor venenatis quis urna. Cras mollis rutrum erat id condimentum.</li></ol>', '2018-10-31 14:51:58', '2018-10-31 14:51:58');
INSERT INTO public.replies (id, user_id, discussion_id, content, created_at, updated_at) VALUES (56, 3, 21, '<figure class="image"><img src="https://mdbootstrap.com/img/Marketing/free/social/jquery/mdb-jquery-free.jpg" alt="Material Design for Bootstrap"><figcaption>https://mdbootstrap.com/img/Marketing/free/social/jquery/mdb-jquery-free.jpg</figcaption></figure>', '2018-11-24 01:37:03', '2018-11-24 01:37:03');
INSERT INTO public.replies (id, user_id, discussion_id, content, created_at, updated_at) VALUES (57, 3, 21, '<p>Donec vel eleifend felis, nec dictum felis. Vivamus congue quam at facilisis pretium. Sed nisl diam, auctor a lorem vel, accumsan tincidunt nisl. Cras eget pharetra sapien. Phasellus non nulla bibendum tellus dignissim ornare ac eu mauris. Class aptent taciti sociosqu ad litora torquent per conubia nostra, per inceptos himenaeos. Vestibulum ante ipsum primis in faucibus orci luctus et ultrices posuere cubilia Curae; In fermentum, tortor non blandit faucibus, felis lorem sagittis elit, ac varius purus neque ut eros. Mauris dapibus magna quis nisl elementum euismod.</p>', '2018-11-24 01:37:16', '2018-11-24 01:37:16');
INSERT INTO public.replies (id, user_id, discussion_id, content, created_at, updated_at) VALUES (58, 3, 21, '<figure class="image"><img src="https://mdbootstrap.com/wp-content/uploads/2018/10/bootstrap.jpg" alt="bootstrap tutorial"><figcaption>https://mdbootstrap.com/wp-content/uploads/2018/10/bootstrap.jpg</figcaption></figure>', '2018-11-24 01:37:47', '2018-11-24 01:37:47');
INSERT INTO public.replies (id, user_id, discussion_id, content, created_at, updated_at) VALUES (59, 2, 21, '<p>Praesent at dapibus lectus. In at augue sed lorem elementum dictum. Donec elit dolor, bibendum et arcu in, laoreet tristique quam. Sed porta condimentum metus, non mollis ipsum dapibus ac. Nulla facilisi. Mauris sem mi, ornare nec bibendum molestie, finibus in ligula.</p>', '2018-11-24 08:57:08', '2018-11-24 08:57:08');

INSERT INTO public.reply_downvotes (id, user_id, reply_id, created_at, updated_at) VALUES (4, 3, 9, '2018-10-15 07:19:30', '2018-10-15 07:19:30');
INSERT INTO public.reply_downvotes (id, user_id, reply_id, created_at, updated_at) VALUES (5, 3, 8, '2018-10-15 07:34:22', '2018-10-15 07:34:22');
INSERT INTO public.reply_downvotes (id, user_id, reply_id, created_at, updated_at) VALUES (6, 2, 8, '2018-10-15 07:35:01', '2018-10-15 07:35:01');
INSERT INTO public.reply_downvotes (id, user_id, reply_id, created_at, updated_at) VALUES (7, 2, 9, '2018-10-15 07:35:04', '2018-10-15 07:35:04');
INSERT INTO public.reply_downvotes (id, user_id, reply_id, created_at, updated_at) VALUES (8, 4, 11, '2018-10-15 07:52:14', '2018-10-15 07:52:14');
INSERT INTO public.reply_downvotes (id, user_id, reply_id, created_at, updated_at) VALUES (9, 3, 11, '2018-10-15 07:52:49', '2018-10-15 07:52:49');
INSERT INTO public.reply_downvotes (id, user_id, reply_id, created_at, updated_at) VALUES (10, 3, 6, '2018-10-15 07:54:24', '2018-10-15 07:54:24');
INSERT INTO public.reply_downvotes (id, user_id, reply_id, created_at, updated_at) VALUES (12, 4, 14, '2018-10-15 07:55:54', '2018-10-15 07:55:54');
INSERT INTO public.reply_downvotes (id, user_id, reply_id, created_at, updated_at) VALUES (13, 2, 14, '2018-10-15 07:57:48', '2018-10-15 07:57:48');
INSERT INTO public.reply_downvotes (id, user_id, reply_id, created_at, updated_at) VALUES (15, 2, 22, '2018-10-16 04:06:52', '2018-10-16 04:06:52');
INSERT INTO public.reply_downvotes (id, user_id, reply_id, created_at, updated_at) VALUES (16, 11, 14, '2018-10-18 02:04:26', '2018-10-18 02:04:26');
INSERT INTO public.reply_downvotes (id, user_id, reply_id, created_at, updated_at) VALUES (18, 2, 6, '2018-10-22 02:15:14', '2018-10-22 02:15:14');

INSERT INTO public.reply_reports (id, user_id, reply_id, content, report_reason_id, created_at, updated_at) VALUES (2, 2, 22, 'Aliquam ultricies ipsum in dui varius ultricies. Pellentesque dignissim quam risus, nec varius turpis accumsan at. Vestibulum ante ipsum primis in faucibus orci luctus et ultrices posuere cubilia Curae; Maecenas cursus porttitor placerat.', 2, '2018-10-15 08:58:12', '2018-10-15 08:58:12');
INSERT INTO public.reply_reports (id, user_id, reply_id, content, report_reason_id, created_at, updated_at) VALUES (4, 2, 14, 'Etiam malesuada a justo sit amet ullamcorper. Fusce convallis ac lacus vitae porttitor. Aliquam eu orci laoreet tortor mattis pellentesque vitae nec dui.', 3, '2018-10-15 09:03:39', '2018-10-15 09:03:39');
INSERT INTO public.reply_reports (id, user_id, reply_id, content, report_reason_id, created_at, updated_at) VALUES (5, 5, 22, 'Etiam malesuada a justo sit amet ullamcorper. Fusce convallis ac lacus vitae porttitor. Aliquam eu orci laoreet tortor mattis pellentesque vitae nec dui.', 2, '2018-10-15 13:48:56', '2018-10-15 13:48:56');
INSERT INTO public.reply_reports (id, user_id, reply_id, content, report_reason_id, created_at, updated_at) VALUES (6, 11, 14, 'Donec porta orci tellus, non scelerisque metus pulvinar vel. In sed fermentum ante. Nunc at massa convallis, hendrerit leo malesuada, consectetur erat. Sed ultricies purus vitae ultrices mollis. Sed mollis fermentum dapibus. Sed sed mauris vitae ligula aliquet sagittis. Donec lectus ex, feugiat id arcu vel, sollicitudin ultricies sapien.', 1, '2018-10-18 02:04:39', '2018-10-18 02:04:39');
INSERT INTO public.reply_reports (id, user_id, reply_id, content, report_reason_id, created_at, updated_at) VALUES (7, 2, 9, 'Lorem ipsum dolor sit amet, consectetur adipiscing elit. Ut sollicitudin volutpat nibh ac pretium. Fusce ut massa ac ligula aliquet rutrum eget sit amet purus. Phasellus ullamcorper metus libero, eu tempor felis aliquet eget. Maecenas lacinia vehicula ex egestas ornare. Duis eget sem elit. Ut aliquam leo vel vestibulum molestie. Maecenas convallis augue eget ipsum cursus, vel egestas nisl volutpat.', 1, '2018-10-20 01:28:52', '2018-10-20 01:28:52');
INSERT INTO public.reply_reports (id, user_id, reply_id, content, report_reason_id, created_at, updated_at) VALUES (8, 2, 5, 'Ut sollicitudin volutpat nibh ac pretium. Fusce ut massa ac ligula aliquet rutrum eget sit amet purus. Phasellus ullamcorper metus libero, eu tempor felis aliquet eget. Maecenas lacinia vehicula ex egestas ornare. Duis eget sem elit. Ut aliquam leo vel vestibulum molestie. Maecenas convallis augue eget ipsum cursus, vel egestas nisl volutpat.', 1, '2018-10-22 02:04:03', '2018-10-22 02:04:03');

INSERT INTO public.reply_upvotes (id, user_id, reply_id, created_at, updated_at) VALUES (4, 4, 9, '2018-10-15 07:46:48', '2018-10-15 07:46:48');
INSERT INTO public.reply_upvotes (id, user_id, reply_id, created_at, updated_at) VALUES (5, 4, 8, '2018-10-15 07:46:50', '2018-10-15 07:46:50');
INSERT INTO public.reply_upvotes (id, user_id, reply_id, created_at, updated_at) VALUES (6, 3, 5, '2018-10-15 07:54:21', '2018-10-15 07:54:21');
INSERT INTO public.reply_upvotes (id, user_id, reply_id, created_at, updated_at) VALUES (7, 6, 12, '2018-10-15 07:54:41', '2018-10-15 07:54:41');
INSERT INTO public.reply_upvotes (id, user_id, reply_id, created_at, updated_at) VALUES (8, 6, 13, '2018-10-15 07:54:44', '2018-10-15 07:54:44');
INSERT INTO public.reply_upvotes (id, user_id, reply_id, created_at, updated_at) VALUES (9, 2, 17, '2018-10-15 07:57:40', '2018-10-15 07:57:40');
INSERT INTO public.reply_upvotes (id, user_id, reply_id, created_at, updated_at) VALUES (11, 2, 13, '2018-10-15 07:57:51', '2018-10-15 07:57:51');
INSERT INTO public.reply_upvotes (id, user_id, reply_id, created_at, updated_at) VALUES (12, 5, 3, '2018-10-15 08:30:21', '2018-10-15 08:30:21');
INSERT INTO public.reply_upvotes (id, user_id, reply_id, created_at, updated_at) VALUES (13, 5, 1, '2018-10-15 08:30:26', '2018-10-15 08:30:26');
INSERT INTO public.reply_upvotes (id, user_id, reply_id, created_at, updated_at) VALUES (17, 5, 10, '2018-10-15 13:48:28', '2018-10-15 13:48:28');
INSERT INTO public.reply_upvotes (id, user_id, reply_id, created_at, updated_at) VALUES (19, 5, 17, '2018-10-15 13:49:18', '2018-10-15 13:49:18');
INSERT INTO public.reply_upvotes (id, user_id, reply_id, created_at, updated_at) VALUES (20, 5, 12, '2018-10-15 13:49:25', '2018-10-15 13:49:25');
INSERT INTO public.reply_upvotes (id, user_id, reply_id, created_at, updated_at) VALUES (22, 2, 12, '2018-10-16 04:07:11', '2018-10-16 04:07:11');
INSERT INTO public.reply_upvotes (id, user_id, reply_id, created_at, updated_at) VALUES (23, 11, 12, '2018-10-18 02:04:06', '2018-10-18 02:04:06');
INSERT INTO public.reply_upvotes (id, user_id, reply_id, created_at, updated_at) VALUES (24, 11, 17, '2018-10-18 02:04:10', '2018-10-18 02:04:10');
INSERT INTO public.reply_upvotes (id, user_id, reply_id, created_at, updated_at) VALUES (25, 11, 32, '2018-10-18 02:04:17', '2018-10-18 02:04:17');
INSERT INTO public.reply_upvotes (id, user_id, reply_id, created_at, updated_at) VALUES (26, 2, 21, '2018-10-22 02:14:25', '2018-10-22 02:14:25');
INSERT INTO public.reply_upvotes (id, user_id, reply_id, created_at, updated_at) VALUES (27, 4, 53, '2018-10-31 14:52:20', '2018-10-31 14:52:20');
INSERT INTO public.reply_upvotes (id, user_id, reply_id, created_at, updated_at) VALUES (28, 4, 52, '2018-10-31 14:52:23', '2018-10-31 14:52:23');
INSERT INTO public.reply_upvotes (id, user_id, reply_id, created_at, updated_at) VALUES (29, 4, 51, '2018-10-31 14:52:25', '2018-10-31 14:52:25');
INSERT INTO public.reply_upvotes (id, user_id, reply_id, created_at, updated_at) VALUES (30, 2, 58, '2018-11-24 08:58:17', '2018-11-24 08:58:17');
INSERT INTO public.reply_upvotes (id, user_id, reply_id, created_at, updated_at) VALUES (31, 2, 57, '2018-11-24 08:58:22', '2018-11-24 08:58:22');

SELECT SETVAL('public.channels_id_seq', COALESCE(MAX(id), 1) ) FROM public.channels;
SELECT SETVAL('public.discussion_bookmarks_id_seq', COALESCE(MAX(id), 1) ) FROM public.discussion_bookmarks;
SELECT SETVAL('public.discussion_reports_id_seq', COALESCE(MAX(id), 1) ) FROM public.discussion_reports;
SELECT SETVAL('public.discussions_id_seq', COALESCE(MAX(id), 1) ) FROM public.discussions;
SELECT SETVAL('public.migrations_id_seq', COALESCE(MAX(id), 1) ) FROM public.migrations;
SELECT SETVAL('public.replies_id_seq', COALESCE(MAX(id), 1) ) FROM public.replies;
SELECT SETVAL('public.reply_downvotes_id_seq', COALESCE(MAX(id), 1) ) FROM public.reply_downvotes;
SELECT SETVAL('public.reply_reports_id_seq', COALESCE(MAX(id), 1) ) FROM public.reply_reports;
SELECT SETVAL('public.reply_upvotes_id_seq', COALESCE(MAX(id), 1) ) FROM public.reply_upvotes;
SELECT SETVAL('public.report_reasons_id_seq', COALESCE(MAX(id), 1) ) FROM public.report_reasons;
SELECT SETVAL('public.topic_bookmarks_id_seq', COALESCE(MAX(id), 1) ) FROM public.topic_bookmarks;
SELECT SETVAL('public.topics_id_seq', COALESCE(MAX(id), 1) ) FROM public.topics;
SELECT SETVAL('public.user_roles_id_seq', COALESCE(MAX(id), 1) ) FROM public.user_roles;
SELECT SETVAL('public.users_id_seq', COALESCE(MAX(id), 1) ) FROM public.users;
